ligand_residue,ligand_resseq,ligand_atom,ligand_coord,protein_residue,protein_resseq,protein_coord,distance
D,1001,C1,"(2.789, 8.636, 16.129)",ASN,76,"(-1.157, 6.713, 18.061)",4.796
D,1001,C1,"(2.789, 8.636, 16.129)",TYR,77,"(-1.273, 6.441, 14.272)",4.977
D,1001,C2,"(3.14, 8.181, 14.863)",TYR,77,"(-1.273, 6.441, 14.272)",4.78
D,1001,S3,"(4.718, 7.555, 14.943)",SER,37,"(6.054, 3.768, 12.822)",4.541
D,1001,C6,"(2.335, 8.209, 13.632)",TYR,77,"(-1.273, 6.441, 14.272)",4.069
D,1001,O7,"(2.62, 7.087, 12.757)",SER,37,"(6.054, 3.768, 12.822)",4.776
D,1001,O7,"(2.62, 7.087, 12.757)",TYR,77,"(-1.273, 6.441, 14.272)",4.227
D,1001,C10,"(1.677, 6.956, 11.786)",TYR,77,"(-1.273, 6.441, 14.272)",3.892
D,1001,O24,"(0.595, 7.51, 11.861)",TYR,77,"(-1.273, 6.441, 14.272)",3.232
D,1001,O24,"(0.595, 7.51, 11.861)",VAL,78,"(-3.276, 8.423, 11.72)",3.98
D,1001,N11,"(2.165, 6.153, 10.792)",GLY,36,"(5.801, 4.33, 9.075)",4.415
D,1001,N11,"(2.165, 6.153, 10.792)",SER,37,"(6.054, 3.768, 12.822)",4.993
D,1001,N11,"(2.165, 6.153, 10.792)",TYR,77,"(-1.273, 6.441, 14.272)",4.9
D,1001,C12,"(1.386, 6.074, 9.513)",GLY,36,"(5.801, 4.33, 9.075)",4.767
D,1001,C13,"(1.335, 4.609, 9.02)",GLY,36,"(5.801, 4.33, 9.075)",4.475
D,1001,C13,"(1.335, 4.609, 9.02)",GLY,216,"(1.631, 0.945, 5.749)",4.921
D,1001,C15,"(-0.978, 4.164, 10.074)",TYR,77,"(-1.273, 6.441, 14.272)",4.785
D,1001,C26,"(2.026, 7.026, 8.458)",GLY,36,"(5.801, 4.33, 9.075)",4.68
D,1001,O41,"(2.662, 4.094, 8.874)",GLY,36,"(5.801, 4.33, 9.075)",3.154
D,1001,O41,"(2.662, 4.094, 8.874)",GLY,216,"(1.631, 0.945, 5.749)",4.555
D,1001,C44,"(-1.804, 3.244, 10.999)",TYR,77,"(-1.273, 6.441, 14.272)",4.606
D,1001,C44,"(-1.804, 3.244, 10.999)",SER,79,"(-6.018, 5.794, 11.759)",4.984
D,1001,C18,"(-2.51, 5.212, 8.488)",VAL,78,"(-3.276, 8.423, 11.72)",4.62
D,1001,C18,"(-2.51, 5.212, 8.488)",SER,79,"(-6.018, 5.794, 11.759)",4.832
D,1001,O61,"(-2.916, 5.949, 9.376)",VAL,78,"(-3.276, 8.423, 11.72)",3.427
D,1001,O61,"(-2.916, 5.949, 9.376)",SER,79,"(-6.018, 5.794, 11.759)",3.915
D,1001,O76,"(-3.611, 3.333, 5.119)",THR,217,"(-0.099, 3.236, 3.245)",3.982
D,1001,O76,"(-3.611, 3.333, 5.119)",SER,218,"(-2.351, 1.477, 0.718)",4.94
D,1001,C85,"(-8.587, -2.304, 6.29)",SER,118,"(-8.697, -5.8, 9.405)",4.684
D,1001,C85,"(-8.621, -2.253, 6.269)",SER,118,"(-8.697, -5.8, 9.405)",4.735
D,1001,C90,"(-8.279, -3.308, 7.407)",ALA,117,"(-12.275, -4.677, 10.067)",4.992
D,1001,C90,"(-8.279, -3.308, 7.407)",SER,118,"(-8.697, -5.8, 9.405)",3.221
D,1001,C90,"(-8.826, -3.393, 5.296)",SER,118,"(-8.697, -5.8, 9.405)",4.764
